Date,Portfolio 1,Portfolio 2,Portfolio 3,Portfolio 4,Portfolio 5
1933-01,0.046426,0.051854,0.057092,0.007567,0.01622
1933-02,-0.128635,-0.148194,-0.192141,-0.15497,-0.159451
1933-03,0.140365,0.121146,0.073833,0.084218,0.050722
1933-04,0.630326,0.489124,0.507206,0.532588,0.412645
1933-05,1.090936,0.856659,0.503162,0.347439,0.210291
1933-06,0.454746,0.227977,0.150735,0.152116,0.140124
1933-07,-0.024854,-0.085272,-0.13916,-0.107644,-0.107748
1933-08,0.050992,0.082819,0.138051,0.170043,0.12013
1933-09,-0.198305,-0.154792,-0.153601,-0.138934,-0.107878
1933-10,-0.111675,-0.131499,-0.113283,-0.093776,-0.085981
1933-11,0.02806,0.047354,0.065481,0.0816,0.084526
1933-12,-0.005892,0.001803,0.056093,0.013489,0.010296
1934-01,0.571347,0.376664,0.283849,0.202891,0.135236
1934-02,0.065902,0.013453,0.011333,-0.021067,-0.035166
1934-03,0.012709,0.004287,0.006293,0.007639,0.003049
1934-04,0.042096,-0.006166,-0.001611,-0.019193,-0.0151
1934-05,-0.15724,-0.108638,-0.106542,-0.089656,-0.074497
1934-06,-0.033561,-0.022159,0.001609,0.021055,0.031063
1934-07,-0.232637,-0.237194,-0.184308,-0.157006,-0.119875
1934-08,0.14054,0.119575,0.097476,0.075611,0.048642
1934-09,-0.010209,-0.031558,-0.009961,-0.004405,-0.009892
1934-10,-0.032999,-0.01656,-0.033081,-0.006925,-0.018373
1934-11,0.164961,0.148873,0.124069,0.103652,0.075634
1934-12,-0.007597,0.029917,0.017928,0.013782,-0.000491
1935-01,0.013063,-0.048384,-0.040541,-0.044487,-0.038829
1935-02,-0.112154,-0.076099,-0.056128,-0.027005,-0.019861
1935-03,-0.10413,-0.100036,-0.078193,-0.049933,-0.03972
1935-04,0.114087,0.11348,0.115681,0.071081,0.089551
1935-05,0.010145,0.021195,0.027904,0.021097,0.034721
1935-06,-0.018369,0.028807,0.05076,0.060737,0.061399
1935-07,0.129326,0.147453,0.120717,0.067267,0.069178
1935-08,0.215101,0.096938,0.076578,0.018227,0.016302
1935-09,-0.000241,0.023312,0.042396,0.016885,0.012893
1935-10,0.077228,0.10952,0.079891,0.060338,0.076831
1935-11,0.397304,0.138822,0.091631,0.04916,0.046617
1935-12,0.028155,0.068266,0.082882,0.060252,0.045736
1936-01,0.362679,0.147842,0.093632,0.068667,0.070338
1936-02,0.074834,0.060208,0.032668,0.023805,0.025043
1936-03,-0.01616,0.014837,0.018894,0.004795,-0.00266
1936-04,-0.177814,-0.135953,-0.114236,-0.102988,-0.080068
1936-05,0.061329,0.04635,0.042138,0.042076,0.04994
1936-06,-0.020065,-0.016957,0.002351,-0.002163,0.021428
1936-07,0.075019,0.090717,0.091674,0.077675,0.055502
1936-08,0.030934,0.017521,0.02131,0.022653,0.005001
1936-09,0.059219,0.043308,0.034577,0.011277,0.005662
1936-10,0.081021,0.060195,0.053032,0.063429,0.062845
1936-11,0.189661,0.089532,0.071848,0.043065,0.026931
1936-12,0.041952,0.026229,0.02405,0.011372,0.003966
1937-01,0.146936,0.069695,0.066764,0.050445,0.024561
1937-02,0.04089,0.013584,0.022396,0.023123,0.009168
1937-03,0.019164,-0.028336,-0.009242,0.000121,0.004593
1937-04,-0.138373,-0.113088,-0.089189,-0.089232,-0.075618
1937-05,-0.041424,-0.023199,-0.026206,-0.023462,-0.016782
1937-06,-0.119123,-0.100078,-0.078746,-0.054611,-0.047113
1937-07,0.122184,0.097128,0.092723,0.084238,0.09544
1937-08,-0.070365,-0.048286,-0.049953,-0.050219,-0.051562
1937-09,-0.227061,-0.21521,-0.209913,-0.186372,-0.146737
1937-10,-0.088834,-0.118085,-0.113634,-0.097999,-0.099641
1937-11,-0.140634,-0.127373,-0.117137,-0.108336,-0.087555
1937-12,-0.151295,-0.130199,-0.12465,-0.080273,-0.05077
1938-01,0.08381,0.054193,0.039022,0.012663,-0.004632
1938-02,0.01952,0.061034,0.072756,0.061637,0.070331
1938-03,-0.323231,-0.298824,-0.293904,-0.279656,-0.238807
1938-04,0.243613,0.227421,0.207623,0.176602,0.141036
1938-05,-0.087462,-0.082113,-0.076628,-0.067822,-0.044528
1938-06,0.322889,0.33798,0.318857,0.276745,0.244652
1938-07,0.153524,0.153774,0.119962,0.111351,0.061158
1938-08,-0.121221,-0.068709,-0.056552,-0.046963,-0.036512
1938-09,-0.025266,-0.034244,-0.017507,-0.014446,0.00471
1938-10,0.194019,0.175286,0.13222,0.13096,0.081264
1938-11,-0.075034,-0.046159,-0.031072,-0.022028,-0.02767
1938-12,-0.013856,0.027206,0.037075,0.052158,0.041545
1939-01,-0.062121,-0.085071,-0.083963,-0.080322,-0.067426
1939-02,0.025156,0.041142,0.041423,0.047735,0.033218
1939-03,-0.180302,-0.19566,-0.183638,-0.182873,-0.138461
1939-04,0.002456,0.014237,-0.007984,-0.00014,-0.007815
1939-05,0.059481,0.091862,0.094423,0.093862,0.067849
1939-06,-0.10684,-0.099992,-0.087069,-0.076801,-0.062593
1939-07,0.130285,0.150258,0.150588,0.137356,0.099427
1939-08,-0.112778,-0.123801,-0.108686,-0.108616,-0.082264
1939-09,0.821831,0.413048,0.307769,0.214706,0.163891
1939-10,-0.03926,-0.002983,-0.003406,0.002269,-0.003436
1939-11,-0.135886,-0.099031,-0.072517,-0.070244,-0.051085
1939-12,-0.038645,0.017063,0.025598,0.024422,0.022613
1940-01,-0.006583,-0.031164,-0.016293,-0.034525,-0.023054
1940-02,0.050536,0.025192,0.02795,0.019815,0.004459
1940-03,0.029969,0.023438,0.025362,0.022565,0.012329
1940-04,0.009166,0.027197,0.013664,0.007019,-0.002929
1940-05,-0.288922,-0.290614,-0.271028,-0.270331,-0.230067
1940-06,0.05261,0.066132,0.054416,0.080653,0.049087
1940-07,0.029133,0.033217,0.051055,0.036308,0.026853
1940-08,0.016684,0.029315,0.01515,0.022065,0.018482
1940-09,0.036886,0.039332,0.036341,0.020492,0.019374
1940-10,0.036824,0.062714,0.033417,0.069599,0.02989
1940-11,0.004763,-0.001578,-0.003655,-0.014335,-0.024773
1940-12,-0.072948,-0.031866,-0.014818,-0.0188,-0.002967
1941-01,0.086672,-0.014827,-0.041511,-0.042194,-0.035777
1941-02,-0.02057,-0.028947,-0.020638,-0.020325,-0.021982
1941-03,0.028362,0.01484,-0.002957,-0.001306,0.004308
1941-04,-0.065406,-0.062169,-0.061027,-0.066184,-0.045266
1941-05,0.001901,0.010801,0.007811,0.004064,0.000574
1941-06,0.087131,0.063447,0.050529,0.052669,0.046096
1941-07,0.245179,0.122646,0.092838,0.100008,0.065663
1941-08,-0.019343,-0.012316,-0.014847,-0.003101,-0.010408
1941-09,-0.046718,-0.026818,-0.021722,-0.017125,-0.013419
1941-10,-0.080697,-0.063429,-0.066935,-0.057414,-0.060519
1941-11,-0.07716,-0.044104,-0.02946,-0.026974,-0.036229
1941-12,-0.158846,-0.112089,-0.087822,-0.062196,-0.048441
1942-01,0.406188,0.124209,0.065576,0.037962,0.025359
1942-02,-0.021477,-0.013459,-0.01983,-0.019646,-0.037217
1942-03,-0.051039,-0.053353,-0.053069,-0.061183,-0.076018
1942-04,-0.035435,-0.052069,-0.055833,-0.058213,-0.048621
1942-05,0.000746,0.016451,0.01886,0.033783,0.04802
1942-06,0.033276,0.003202,0.017224,0.014587,0.023028
1942-07,0.067691,0.03545,0.040678,0.043033,0.034971
1942-08,0.048141,0.022674,0.020804,0.015701,0.010012
1942-09,0.117748,0.031931,0.020543,0.020336,0.02123
1942-10,0.141438,0.112842,0.093114,0.086529,0.062093
1942-11,-0.033876,-0.01916,-0.026526,-0.025287,-0.012091
1942-12,-0.020643,0.022461,0.02583,0.040366,0.048947
1943-01,0.372991,0.17117,0.121925,0.083882,0.076782
1943-02,0.31722,0.112665,0.093902,0.071871,0.052272
1943-03,0.154123,0.118,0.101428,0.087965,0.070736
1943-04,0.088737,0.033002,0.023297,0.014084,0.005513
1943-05,0.139978,0.074073,0.07854,0.057007,0.048873
1943-06,-0.001229,0.007591,0.008211,0.002081,0.011042
1943-07,-0.072153,-0.075294,-0.068741,-0.067738,-0.04923
1943-08,-0.025639,0.000456,0.00673,0.010392,0.008016
1943-09,0.048577,0.033612,0.027622,0.021032,0.020375
1943-10,-0.00567,-0.003798,-0.008195,-0.009592,-0.011983
1943-11,-0.124983,-0.103936,-0.094357,-0.08621,-0.077412
1943-12,0.124632,0.095417,0.096723,0.077522,0.057656
1944-01,0.088841,0.041208,0.044163,0.026165,0.018397
1944-02,0.027003,0.01208,0.00592,0.004345,-0.004438
1944-03,0.054792,0.042712,0.040119,0.021045,0.024097
1944-04,-0.039752,-0.031486,-0.033411,-0.031374,-0.020319
1944-05,0.080496,0.057055,0.066749,0.053267,0.046907
1944-06,0.179559,0.095435,0.091104,0.072474,0.056235
1944-07,-0.015877,-0.010396,-0.014951,-0.013049,-0.017091
1944-08,0.041897,0.026065,0.030853,0.017314,0.013404
1944-09,0.002947,-0.006196,-0.000381,-0.006459,-0.005534
1944-10,0.003843,-0.009351,-0.003236,-0.003166,-0.001097
1944-11,0.022509,0.02139,0.011907,0.010899,0.005842
1944-12,0.091629,0.065364,0.056832,0.054489,0.036181
1945-01,0.070648,0.05079,0.039768,0.027753,0.022558
1945-02,0.093956,0.089301,0.083164,0.073464,0.063858
1945-03,-0.090883,-0.053539,-0.064168,-0.048056,-0.043884
1945-04,0.090075,0.087735,0.093411,0.087239,0.082422
1945-05,0.049234,0.022532,0.028178,0.015132,0.01016
1945-06,0.090668,0.021328,0.019027,0.028998,0.000639
1945-07,-0.033859,-0.044657,-0.045253,-0.027496,-0.030259
1945-08,0.053994,0.061841,0.069948,0.060503,0.063682
1945-09,0.058509,0.059758,0.059392,0.06693,0.046942
1945-10,0.11168,0.060087,0.052268,0.050112,0.044737
1945-11,0.127997,0.099982,0.084905,0.085089,0.051515
1945-12,0.03051,0.026592,0.012933,0.014644,0.01061
1946-01,0.155554,0.093439,0.077709,0.079354,0.060776
1946-02,-0.064653,-0.073968,-0.077337,-0.068016,-0.063408
1946-03,0.034221,0.049103,0.068111,0.062558,0.064959
1946-04,0.070967,0.05035,0.046085,0.042265,0.038664
1946-05,0.060729,0.049933,0.067082,0.052493,0.039005
1946-06,-0.051603,-0.046791,-0.05808,-0.055332,-0.042745
1946-07,-0.049448,-0.045838,-0.043888,-0.040698,-0.027634
1946-08,-0.090219,-0.08526,-0.080677,-0.076471,-0.061362
1946-09,-0.169435,-0.148447,-0.134122,-0.133284,-0.104439
1946-10,-0.0121,-0.021706,-0.009888,-0.014524,-0.011128
1946-11,-0.010992,-0.01649,-0.00529,-0.005133,-0.008266
1946-12,0.017714,0.038344,0.045684,0.048999,0.047261
1947-01,0.068392,0.03433,0.025121,0.007925,0.003262
1947-02,-0.004521,-0.01015,-0.013397,-0.00976,-0.019822
1947-03,-0.04669,-0.046728,-0.027122,-0.023345,-0.025333
1947-04,-0.115142,-0.082063,-0.08549,-0.074883,-0.056782
1947-05,-0.06812,-0.047626,-0.041662,-0.03619,-0.017398
1947-06,0.061374,0.041506,0.044535,0.057015,0.052338
1947-07,0.075579,0.06538,0.057715,0.058208,0.038938
1947-08,-0.030258,-0.017284,-0.013557,-0.020768,-0.025902
1947-09,0.002545,0.005979,-0.000178,0.000454,-0.007142
1947-10,0.042919,0.030597,0.029411,0.022236,0.023604
1947-11,-0.041869,-0.047445,-0.033139,-0.034547,-0.02935
1947-12,0.007937,0.009535,0.00437,0.019251,0.028659
1948-01,0.019109,-0.015989,-0.027255,-0.023787,-0.043144
1948-02,-0.077982,-0.069447,-0.064285,-0.055927,-0.051902
1948-03,0.10069,0.080244,0.089119,0.090807,0.091627
1948-04,0.048426,0.018958,0.037963,0.044675,0.034653
1948-05,0.104703,0.085498,0.080624,0.07479,0.067948
1948-06,-0.022923,-0.021118,-0.016841,-0.022292,-0.008244
1948-07,-0.060131,-0.053067,-0.055737,-0.053099,-0.054199
1948-08,-0.016156,-0.013561,-0.0065,-0.000249,-0.002849
1948-09,-0.062763,-0.04279,-0.051387,-0.050627,-0.036923
1948-10,0.050808,0.04576,0.043142,0.055942,0.055836
1948-11,-0.129149,-0.118608,-0.110054,-0.115079,-0.105423
1948-12,-0.030454,-0.003537,0.008852,0.01606,0.025561
1949-01,0.041917,0.010887,0.002238,0.00996,0.002321
1949-02,-0.058917,-0.06115,-0.047772,-0.033521,-0.030508
1949-03,0.067184,0.060606,0.054256,0.041073,0.035327
1949-04,-0.036398,-0.040635,-0.042929,-0.033895,-0.019976
1949-05,-0.080827,-0.057152,-0.047517,-0.033008,-0.031274
1949-06,-0.008633,-0.027218,-0.01906,-0.013234,0.002505
1949-07,0.057711,0.062538,0.064402,0.061172,0.050853
1949-08,0.019706,0.01775,0.022812,0.01766,0.017004
1949-09,0.045272,0.04107,0.03832,0.034284,0.030127
1949-10,0.064327,0.033174,0.030876,0.02817,0.023103
1949-11,-0.018434,-0.003811,0.003668,0.012258,0.010348
1949-12,0.071307,0.064981,0.061627,0.055046,0.045074
1950-01,0.067067,0.039354,0.040642,0.022165,0.015693
1950-02,0.02432,0.011805,0.004667,0.011796,0.007422
1950-03,-0.009237,-0.014526,-0.005458,-0.001706,0.003163
1950-04,0.062467,0.050109,0.049273,0.039272,0.027882
1950-05,0.027789,0.024569,0.028858,0.018953,0.037138
1950-06,-0.0906,-0.089893,-0.080884,-0.082776,-0.065673
1950-07,0.099833,0.060359,0.039926,0.029833,0.013374
1950-08,0.05726,0.043176,0.047391,0.04022,0.038826
1950-09,0.036362,0.052222,0.050674,0.057342,0.045653
1950-10,-0.00371,-0.001456,-0.010534,-0.01296,-0.00649
1950-11,0.022655,0.020231,0.015516,0.022419,0.022837
1950-12,0.120343,0.077429,0.058681,0.061573,0.052151
1951-01,0.078537,0.086416,0.083708,0.064768,0.050334
1951-02,0.003255,0.008895,0.0029,0.011157,0.007167
1951-03,-0.050085,-0.033347,-0.040753,-0.039345,-0.027171
1951-04,0.033566,0.034886,0.039886,0.04297,0.044428
1951-05,-0.036322,-0.033633,-0.031391,-0.026175,-0.025094
1951-06,-0.057112,-0.059018,-0.060194,-0.044839,-0.02843
1951-07,0.043162,0.060983,0.059972,0.07549,0.074382
1951-08,0.051681,0.045633,0.041323,0.032337,0.032785
1951-09,0.019606,0.023155,0.019538,0.018431,0.013659
1951-10,-0.023769,-0.029373,-0.027298,-0.027468,-0.024031
1951-11,-0.011575,-0.003757,0.001938,0.011571,-0.004594
1951-12,-0.008998,0.002787,0.000919,0.014406,0.031133
1952-01,0.014024,0.018235,0.011716,0.013938,0.020286
1952-02,-0.024933,-0.022142,-0.029029,-0.021818,-0.032105
1952-03,0.011223,0.019153,0.023396,0.028377,0.037591
1952-04,-0.044029,-0.047227,-0.044929,-0.052085,-0.049117
1952-05,0.009399,0.015592,0.01834,0.02449,0.024146
1952-06,0.024285,0.018194,0.025553,0.029507,0.030782
1952-07,0.007495,0.010546,0.011565,0.008672,0.0096
1952-08,-0.004233,0.000447,-0.002708,-0.005267,-0.013564
1952-09,-0.015299,-0.021519,-0.017799,-0.02151,-0.023604
1952-10,-0.012001,-0.023747,-0.011698,-0.011865,-0.012916
1952-11,0.040532,0.047217,0.052033,0.048061,0.054395
1952-12,0.003218,0.019214,0.011106,0.022163,0.022937
1953-01,0.049302,0.037008,0.023614,0.009609,-0.006123
1953-02,0.024883,0.009181,0.007133,-0.001469,-0.009688
1953-03,-0.015976,-0.021068,-0.017984,-0.013187,-0.011918
1953-04,-0.022078,-0.023129,-0.02553,-0.028653,-0.03191
1953-05,0.002194,0.000122,-0.001602,0.001286,5.5e-05
1953-06,-0.048887,-0.040768,-0.038316,-0.030769,-0.02388
1953-07,0.016501,0.008214,0.01655,0.013278,0.025056
1953-08,-0.065179,-0.06316,-0.058303,-0.052526,-0.049137
1953-09,-0.035554,-0.022267,-0.01531,-0.007349,0.00084
1953-10,0.018916,0.030413,0.043627,0.041699,0.044345
1953-11,0.008967,0.010764,0.010112,0.020782,0.01883
1953-12,-0.047121,-0.029587,-0.019264,-0.009696,-0.006012
1954-01,0.100101,0.071198,0.068849,0.056809,0.052944
1954-02,-0.004895,0.005124,0.013902,0.013813,0.007331
1954-03,0.018813,0.019253,0.019676,0.034732,0.029168
1954-04,0.012756,-0.00138,0.016005,0.022426,0.033264
1954-05,0.03744,0.039791,0.044236,0.034349,0.028944
1954-06,0.010737,0.002968,0.008238,0.015091,0.002881
1954-07,0.10004,0.068807,0.064851,0.062252,0.054327
1954-08,0.002243,-0.00616,-0.014221,-0.022479,-0.032966
1954-09,0.030583,0.040771,0.0372,0.046954,0.047128
1954-10,-0.003626,-0.011301,-0.00776,-0.007635,-0.014927
1954-11,0.070379,0.090604,0.088577,0.087061,0.087241
1954-12,0.134646,0.090371,0.08361,0.053224,0.055653
1955-01,0.021013,0.013124,0.017728,0.0031,0.002795
1955-02,0.049727,0.041526,0.039726,0.030245,0.030446
1955-03,-0.002151,-0.006072,-0.00668,-0.006801,0.003851
1955-04,0.025111,0.016589,0.02021,0.020079,0.024982
1955-05,0.004645,-0.002596,0.001213,0.002988,0.011509
1955-06,0.019482,0.030867,0.024644,0.035902,0.042759
1955-07,0.021762,0.002115,0.002557,0.001842,0.003573
1955-08,-0.00726,-0.001111,0.005251,0.002517,0.007295
1955-09,0.004924,-0.012791,-0.013502,-0.021304,-0.017614
1955-10,-0.019321,-0.0112,-0.013905,-0.023687,-0.02632
1955-11,0.02795,0.047268,0.051093,0.056857,0.060135
1955-12,0.023943,0.014326,0.02254,0.01501,0.016549
1956-01,-0.002852,-0.022691,-0.027058,-0.031416,-0.027902
1956-02,0.024153,0.027671,0.029167,0.031502,0.035285
1956-03,0.034107,0.039322,0.041467,0.05612,0.06851
1956-04,0.009107,0.002443,-0.00027,0.001344,0.003019
1956-05,-0.042885,-0.048523,-0.040497,-0.040079,-0.050364
1956-06,0.002192,0.006988,0.019367,0.026858,0.033372
1956-07,0.022325,0.037105,0.041681,0.043144,0.05079
1956-08,-0.015298,-0.019362,-0.020323,-0.029846,-0.030426
1956-09,-0.032378,-0.029578,-0.039686,-0.043276,-0.055955
1956-10,0.003075,0.002003,0.006412,0.006847,0.006925
1956-11,-0.00569,0.002627,0.000453,0.001796,0.001697
1956-12,0.002256,0.018369,0.019936,0.024264,0.026419
1957-01,0.029549,0.011338,0.000325,-0.010174,-0.026646
1957-02,-0.02914,-0.033203,-0.030499,-0.02433,-0.024233
1957-03,0.016151,0.014398,0.017114,0.021993,0.023152
1957-04,0.02266,0.01286,0.020727,0.028468,0.032852
1957-05,0.006164,0.009111,0.019631,0.018284,0.0315
1957-06,0.005506,-0.009571,-0.015924,-0.016209,-0.01706
1957-07,0.005946,0.007925,0.002063,-0.000555,0.001459
1957-08,-0.046281,-0.054693,-0.058039,-0.063464,-0.054334
1957-09,-0.055126,-0.058889,-0.062141,-0.053884,-0.054174
1957-10,-0.087986,-0.077001,-0.067852,-0.054384,-0.044896
1957-11,-0.005181,0.003726,0.021526,0.026519,0.028684
1957-12,-0.070578,-0.067059,-0.056766,-0.040233,-0.040622
1958-01,0.159524,0.117969,0.101698,0.082529,0.052961
1958-02,-0.026955,-0.008466,-0.017113,-0.014368,-0.015627
1958-03,0.028323,0.026132,0.029593,0.039362,0.030989
1958-04,0.039848,0.030392,0.015313,0.025492,0.029963
1958-05,0.042333,0.039651,0.042843,0.026402,0.02378
1958-06,0.044065,0.024228,0.023346,0.028172,0.024228
1958-07,0.054226,0.046567,0.063486,0.045617,0.048004
1958-08,0.03441,0.032818,0.025851,0.02494,0.010545
1958-09,0.05909,0.048899,0.047066,0.047075,0.03848
1958-10,0.030974,0.039292,0.028692,0.031935,0.026241
1958-11,0.046671,0.053662,0.02879,0.034938,0.029946
1958-12,0.033801,0.034518,0.024957,0.040741,0.041789
1959-01,0.071651,0.047836,0.040697,0.023103,0.006448
1959-02,0.02422,0.025292,0.029357,0.02746,0.012674
1959-03,0.014093,0.020563,0.00349,0.005619,0.000669
1959-04,0.018166,0.02548,0.031669,0.02994,0.023413
1959-05,0.004544,0.000891,0.005207,0.008383,0.005397
1959-06,-0.010177,0.006622,0.002613,0.003273,0.004461
1959-07,0.030005,0.031953,0.030441,0.023473,0.031426
1959-08,-0.012975,-0.023322,-0.018485,-0.020303,-0.020982
1959-09,-0.047148,-0.048778,-0.050616,-0.050633,-0.05258
1959-10,0.010136,0.032872,0.022757,0.025263,0.021782
1959-11,0.001637,0.023814,0.005073,0.018747,0.009737
1959-12,0.02091,0.019042,0.020833,0.009626,0.018115
1960-01,-0.003711,-0.039857,-0.048953,-0.055051,-0.05868
1960-02,-0.004562,0.010833,0.00272,0.011665,0.004136
1960-03,-0.03697,-0.03815,-0.029813,-0.023785,-0.013678
1960-04,-0.029889,-0.029001,-0.025777,-0.009311,-0.009587
1960-05,-0.003971,0.033249,0.017892,0.028713,0.033196
1960-06,0.017496,0.008711,0.020655,0.01833,0.024393
1960-07,-0.015713,-0.021424,-0.021518,-0.020155,-0.026816
1960-08,0.047635,0.030256,0.034554,0.026664,0.027986
1960-09,-0.057169,-0.0718,-0.061783,-0.058467,-0.057534
1960-10,-0.0365,-0.032062,-0.029207,-0.018819,-0.005598
1960-11,0.01365,0.042331,0.049952,0.054848,0.048191
1960-12,0.019223,0.030935,0.032693,0.043373,0.045423
1961-01,0.103415,0.090309,0.082411,0.07498,0.055648
1961-02,0.060877,0.073193,0.057107,0.053165,0.03893
1961-03,0.061564,0.052201,0.048666,0.044904,0.020062
1961-04,0.021092,0.01962,0.002538,0.00069,0.002036
1961-05,0.052721,0.036082,0.046479,0.0268,0.031055
1961-06,-0.046607,-0.05735,-0.047148,-0.037844,-0.029761
1961-07,-0.002742,0.006459,0.010569,0.016932,0.022622
1961-08,0.010784,0.012428,0.003425,0.034408,0.029567
1961-09,-0.038666,-0.039468,-0.028957,-0.029755,-0.021179
1961-10,0.02177,0.010764,0.017948,0.027615,0.024765
1961-11,0.045539,0.052148,0.043748,0.036726,0.033799
1961-12,0.001832,0.002444,-0.008844,-0.01079,-0.01245
1962-01,0.025098,0.004877,-0.024236,-0.022086,-0.034129
1962-02,0.018434,0.011264,0.009037,0.017858,0.009022
1962-03,-0.007763,-0.009475,-0.01389,-0.011692,-0.002276
1962-04,-0.067059,-0.077071,-0.064852,-0.06781,-0.065828
1962-05,-0.105964,-0.103915,-0.111604,-0.095596,-0.091541
1962-06,-0.087719,-0.09195,-0.091377,-0.086556,-0.082224
1962-07,0.075256,0.071561,0.053794,0.053938,0.054483
1962-08,0.045691,0.026849,0.027846,0.024595,0.015069
1962-09,-0.066095,-0.075634,-0.067763,-0.054267,-0.053372
1962-10,-0.053884,-0.03741,-0.033097,-0.013107,-0.001609
1962-11,0.141798,0.138714,0.136378,0.126193,0.117607
1962-12,-0.037727,-0.027169,-0.020265,-0.001013,0.007934
1963-01,0.118687,0.096174,0.072826,0.061449,0.051451
1963-02,-0.01275,-0.014135,-0.019065,-0.02186,-0.023886
1963-03,0.012143,0.013987,0.013507,0.017353,0.030727
1963-04,0.021373,0.040433,0.037195,0.040694,0.043644
1963-05,0.04789,0.036244,0.034502,0.021946,0.014269
1963-06,-0.018119,-0.00742,-0.018037,-0.022065,-0.013358
1963-07,0.002501,-0.012701,-0.013308,-0.014289,-0.006101
1963-08,0.030683,0.044043,0.055008,0.049398,0.055625
1963-09,-0.006229,-0.022552,-0.019407,-0.021887,-0.021052
1963-10,0.008411,0.020308,0.008931,0.014746,0.012198
1963-11,-0.017156,-0.014632,-0.016692,-0.009969,-0.007684
1963-12,-0.020039,0.001689,0.004117,0.009285,0.019449
1964-01,0.052784,0.016648,0.014691,0.009796,0.015915
1964-02,0.03141,0.024187,0.022766,0.023498,0.015057
1964-03,0.030711,0.031542,0.034544,0.026962,0.014983
1964-04,-0.002822,-0.006473,-0.011061,-0.00697,-0.000321
1964-05,0.005578,0.005811,0.012246,0.016798,0.010777
1964-06,0.013104,0.007882,0.01794,0.014203,0.012707
1964-07,0.039152,0.031022,0.021668,0.022335,0.022654
1964-08,-0.00686,-0.007631,-0.014197,-0.00781,-0.015864
1964-09,0.047823,0.03691,0.027502,0.02983,0.032132
1964-10,0.031565,0.016772,0.021501,0.013627,0.008884
1964-11,0.001571,0.000591,-0.003792,-0.00173,0.000415
1964-12,-0.020577,-0.018308,-0.003229,-0.003734,-0.004384
1965-01,0.088335,0.059535,0.056229,0.054836,0.043585
1965-02,0.029101,0.031406,0.032878,0.025059,0.013668
1965-03,0.029737,0.009587,0.004732,-0.002132,-0.012631
1965-04,0.044555,0.04646,0.041669,0.028944,0.025767
1965-05,0.005292,-0.015082,-0.008627,-0.009457,-0.01133
1965-06,-0.094033,-0.089485,-0.087324,-0.076283,-0.057168
1965-07,0.035608,0.034909,0.029593,0.031422,0.017962
1965-08,0.04525,0.042614,0.054806,0.042112,0.029195
1965-09,0.041846,0.02476,0.036192,0.027564,0.029108
1965-10,0.073074,0.060729,0.054074,0.037456,0.029333
1965-11,0.054928,0.043106,0.02856,0.032769,0.007155
1965-12,0.069619,0.038526,0.034485,0.018457,0.015109
1966-01,0.097773,0.054607,0.042698,0.031015,0.013524
1966-02,0.042912,0.023559,0.009826,0.003046,-0.015724
1966-03,-0.01306,-0.020835,-0.031935,-0.028931,-0.018056
1966-04,0.057726,0.046603,0.038248,0.034925,0.022712
1966-05,-0.096347,-0.090489,-0.080948,-0.071557,-0.054472
1966-06,-0.001361,-0.002917,-0.005178,-0.004869,-0.008882
1966-07,-0.021186,-0.006745,-0.015966,-0.017963,-0.014445
1966-08,-0.124497,-0.106042,-0.103223,-0.087539,-0.08108
1966-09,-0.020029,-0.024719,-0.016921,-0.017152,-0.008775
1966-10,-0.037387,-0.012739,0.00731,0.01541,0.047315
1966-11,0.052382,0.035877,0.047219,0.033976,0.015886
1966-12,0.02527,0.017993,0.020697,0.020743,0.013589
1967-01,0.220855,0.187076,0.145966,0.120297,0.074562
1967-02,0.064578,0.027966,0.024009,0.002896,0.001376
1967-03,0.066125,0.061313,0.055026,0.052281,0.038142
1967-04,0.04553,0.032605,0.034707,0.040648,0.037144
1967-05,-0.004807,-0.015739,-0.023427,-0.011626,-0.044587
1967-06,0.107453,0.081904,0.054611,0.039215,0.018006
1967-07,0.109268,0.089317,0.064409,0.059106,0.050091
1967-08,0.012912,-0.00127,-0.00013,-0.005057,-0.007369
1967-09,0.074224,0.054087,0.034277,0.032477,0.02091
1967-10,-0.017084,-0.025519,-0.031219,-0.035793,-0.048221
1967-11,-0.000295,0.00076,0.008649,0.006469,0.002068
1967-12,0.107146,0.090802,0.063598,0.039535,0.028208
1968-01,0.06505,0.008376,-0.007794,-0.030773,-0.045343
1968-02,-0.053773,-0.049188,-0.048265,-0.052314,-0.034352
1968-03,-0.01192,-0.015945,-0.010695,-0.000934,0.001837
1968-04,0.175612,0.148041,0.130823,0.105229,0.090487
1968-05,0.117203,0.086458,0.062655,0.044335,0.019673
1968-06,0.02742,0.009242,0.013453,0.016535,0.015985
1968-07,-0.005743,-0.027709,-0.038518,-0.041822,-0.025382
1968-08,0.051023,0.041678,0.024897,0.018855,0.010501
1968-09,0.076219,0.059333,0.067818,0.056044,0.047775
1968-10,0.011568,0.006046,0.020082,0.007249,0.012601
1968-11,0.070795,0.077296,0.083629,0.070486,0.061182
1968-12,0.013364,-0.004509,-0.020761,-0.030446,-0.031671
1969-01,-0.001056,-0.015691,-0.012506,-0.010244,-0.004131
1969-02,-0.090097,-0.083223,-0.072515,-0.075986,-0.061722
1969-03,0.025803,0.026039,0.022635,0.016398,0.018792
1969-04,0.00363,0.00602,0.011908,0.00937,0.020053
1969-05,0.002385,-0.005902,-0.008334,-0.004851,-0.000844
1969-06,-0.112739,-0.116243,-0.10951,-0.09548,-0.070466
1969-07,-0.101385,-0.092831,-0.083964,-0.079248,-0.061188
1969-08,0.044134,0.053379,0.060524,0.052849,0.044876
1969-09,-0.017781,-0.021012,-0.005496,-0.018021,-0.018182
1969-10,0.109396,0.093625,0.071581,0.075712,0.063032
1969-11,-0.064294,-0.056861,-0.050564,-0.045629,-0.034165
1969-12,-0.084911,-0.061688,-0.039355,-0.02735,-0.023062
1970-01,-0.016146,-0.051749,-0.061996,-0.075642,-0.078805
1970-02,0.043117,0.032702,0.036683,0.054874,0.065685
1970-03,-0.027653,-0.023086,-0.012504,-0.010627,-0.009583
1970-04,-0.167032,-0.159884,-0.154599,-0.135888,-0.103372
1970-05,-0.09613,-0.102071,-0.103564,-0.099203,-0.072514
1970-06,-0.096722,-0.090007,-0.071022,-0.064226,-0.041909
1970-07,0.045247,0.076851,0.079147,0.075374,0.074523
1970-08,0.073129,0.072862,0.064849,0.055412,0.044196
1970-09,0.171264,0.122621,0.104529,0.068211,0.039128
1970-10,-0.080263,-0.068175,-0.036069,-0.046157,-0.022983
1970-11,-0.017516,0.014922,0.028878,0.040879,0.050178
1970-12,0.095111,0.093751,0.086537,0.080962,0.064055
1971-01,0.179781,0.119094,0.094467,0.071606,0.049837
1971-02,0.058813,0.03445,0.026748,0.01615,0.009233
1971-03,0.067551,0.051952,0.065107,0.052982,0.036638
1971-04,0.034302,0.026753,0.033489,0.034797,0.033107
1971-05,-0.053789,-0.052328,-0.05016,-0.031697,-0.034734
1971-06,-0.026771,-0.014678,-0.010685,0.001829,0.003933
1971-07,-0.062817,-0.051873,-0.045638,-0.051766,-0.038278
1971-08,0.047237,0.051595,0.048997,0.050697,0.038061
1971-09,-0.012139,-0.008531,-0.011108,-0.004548,-0.011648
1971-10,-0.058266,-0.055931,-0.052888,-0.042749,-0.049018
1971-11,-0.047829,-0.034801,-0.022042,-0.021356,-0.008463
1971-12,0.134115,0.125911,0.119559,0.10482,0.090387
1972-01,0.159366,0.088022,0.057289,0.039341,0.015646
1972-02,0.038434,0.038263,0.024393,0.03388,0.027089
1972-03,-0.011536,-0.002795,0.009035,0.00381,0.004045
1972-04,0.010788,0.010083,0.001976,0.001235,0.007551
1972-05,-0.022025,-0.028056,-0.01626,0.002094,0.00939
1972-06,-0.034724,-0.031291,-0.03447,-0.03263,-0.029315
1972-07,-0.029334,-0.029957,-0.030069,-0.020766,-0.014025
1972-08,0.014417,0.007787,0.018065,0.027042,0.042338
1972-09,-0.04244,-0.034106,-0.017971,-0.025656,-0.017874
1972-10,-0.021007,-0.009891,-0.006489,-0.008405,0.015655
1972-11,0.064668,0.057113,0.054047,0.067368,0.057636
1972-12,-0.02284,-0.021604,-0.005957,-0.009627,-0.001628
1973-01,-0.024723,-0.048774,-0.056709,-0.060892,-0.049626
1973-02,-0.0706,-0.081647,-0.080437,-0.071108,-0.043737
1973-03,-0.033189,-0.0406,-0.031279,-0.028174,-0.014076
1973-04,-0.07414,-0.071602,-0.075958,-0.075413,-0.055652
1973-05,-0.091203,-0.095904,-0.078703,-0.064098,-0.024075
1973-06,-0.036838,-0.037671,-0.031267,-0.03263,-0.019206
1973-07,0.141062,0.135179,0.10666,0.092885,0.071718
1973-08,-0.054175,-0.060383,-0.03737,-0.033428,-0.024175
1973-09,0.098807,0.10477,0.095155,0.106337,0.079457
1973-10,0.013541,-0.004472,-0.009157,-0.009447,-0.009553
1973-11,-0.212016,-0.195092,-0.185869,-0.174455,-0.132522
1973-12,-0.055954,-0.039676,-0.019161,0.006721,0.020773
1974-01,0.208588,0.135279,0.098936,0.05298,0.007522
1974-02,0.010921,0.000958,0.003889,0.004727,0.00457
1974-03,0.019663,-0.01054,-0.014666,-0.025874,-0.034226
1974-04,-0.055736,-0.060433,-0.073038,-0.064762,-0.055755
1974-05,-0.072883,-0.088417,-0.085152,-0.071772,-0.056024
1974-06,-0.036325,-0.047786,-0.036137,-0.042024,-0.035338
1974-07,-0.047946,-0.054276,-0.04628,-0.044099,-0.060587
1974-08,-0.090536,-0.092558,-0.090943,-0.096021,-0.105933
1974-09,-0.070998,-0.077984,-0.0888,-0.080431,-0.098173
1974-10,0.079568,0.102502,0.088017,0.132365,0.180931
1974-11,-0.075892,-0.055863,-0.047965,-0.033873,-0.031178
1974-12,-0.10185,-0.086596,-0.065555,-0.058865,-0.026262
1975-01,0.45132,0.348288,0.267445,0.229237,0.147513
1975-02,0.028601,0.038324,0.031576,0.04714,0.043435
1975-03,0.159434,0.081769,0.06245,0.058099,0.03261
1975-04,0.020802,0.030995,0.029903,0.045464,0.042011
1975-05,0.085474,0.084641,0.07191,0.06151,0.049578
1975-06,0.111849,0.077587,0.067076,0.055464,0.064754
1975-07,0.004011,-0.028658,-0.037367,-0.04777,-0.066798
1975-08,-0.071918,-0.062433,-0.050823,-0.039844,-0.027912
1975-09,-0.041321,-0.043508,-0.039542,-0.044936,-0.044036
1975-10,-0.008614,0.034195,0.032477,0.042683,0.056182
1975-11,0.022806,0.020901,0.02505,0.029855,0.02919
1975-12,0.006622,-0.013305,-0.006533,-0.005692,-0.009405
1976-01,0.278016,0.213681,0.188836,0.152535,0.127894
1976-02,0.177665,0.096941,0.073207,0.03892,-0.000673
1976-03,0.007373,0.019195,0.005944,0.010986,0.016006
1976-04,-0.019662,-0.021193,-0.011837,-0.015297,-0.011877
1976-05,-0.02673,-0.021608,-0.023125,-0.017157,-0.015358
1976-06,0.019686,0.036321,0.03778,0.055144,0.048605
1976-07,0.012961,0.010311,-0.002682,-0.004176,-0.00828
1976-08,-0.020744,-0.018811,-0.020507,-0.016829,-0.006712
1976-09,0.010241,0.023522,0.029566,0.019211,0.018318
1976-10,-0.023089,-0.02804,-0.022629,-0.021657,-0.025684
1976-11,0.030293,0.037343,0.034786,0.028671,0.006525
1976-12,0.140023,0.10732,0.092362,0.074747,0.062954
1977-01,0.055968,0.031643,0.011391,-0.01536,-0.046097
1977-02,-0.007485,-0.017,-0.012548,-0.024077,-0.024844
1977-03,0.030633,0.00456,0.001527,-0.002294,-0.009327
1977-04,0.017759,0.016579,0.020554,0.01602,0.010062
1977-05,0.008723,-0.010401,-0.003873,-0.009976,-0.017542
1977-06,0.065751,0.071309,0.063093,0.055924,0.046282
1977-07,0.016519,0.003003,-0.006828,-0.014251,-0.022634
1977-08,-0.004468,-0.013245,-0.0104,-0.020514,-0.024629
1977-09,0.009246,0.007598,0.012924,-0.00109,-0.002966
1977-10,-0.02524,-0.025806,-0.026317,-0.028312,-0.044025
1977-11,0.104713,0.088797,0.075363,0.063626,0.039939
1977-12,0.020831,0.010083,0.005937,0.006909,-0.000193
